scenario;time_slot;cons (kW)
1;1;25.653152358878543
1;2;24.88801434143225
1;3;23.330513950737508
1;4;21.65954624835056
1;5;24.746781119112605
1;6;24.80742810158951
1;7;30.011352424453833
1;8;24.820238416546324
1;9;24.18617763218191
1;10;21.41126935546912
1;11;26.633939444035107
1;12;22.8831044116475
1;13;24.573975444005953
1;14;30.781598534592312
1;15;25.00826632998066
1;16;23.644874581204977
1;17;21.961503852213745
1;18;28.71669466363006
1;19;21.753853360400328
1;20;26.585657758769685
1;21;23.926718003286272
1;22;25.195454429689825
1;23;27.93009400725115
1;24;23.64232436836243
1;25;24.57250895035496
1;26;29.814045263058297
1;27;23.574279186856952
1;28;20.611611774586343
1;29;21.087670687033473
1;30;28.755685143114835
1;31;23.10821572331052
1;32;28.69096196333588
1;33;27.113336854145302
1;34;23.666264482938484
1;35;30.237495724657435
1;36;24.768641522329126
1;37;21.464305245213197
1;38;22.52759147199546
1;39;23.052768894502524
1;40;25.484043887328223
1;41;25.544488628919623
1;42;28.6788592305116
1;43;23.382152379137
1;44;24.885516242278072
1;45;27.48842541751975
1;46;27.27043216723605
1;47;28.999318224629263
1;48;21.47586887478952
1;49;25.259434554839416
1;50;26.70834107622167
1;51;22.17617801198604
1;52;24.760083425799248
1;53;30.726745402548968
1;54;23.45476782929764
1;55;26.95981836321128
1;56;19.614007131886986
1;57;28.41719530440455
1;58;31.88918374365183
1;59;20.982460369540448
1;60;25.92082720707645
1;61;26.512499876774815
1;62;25.43706064072189
1;63;26.318538930286337
1;64;22.414528950417584
1;65;27.470993428002384
1;66;28.071656081791247
1;67;20.78286610404046
1;68;22.925049461771227
1;69;28.26825501053684
1;70;26.747533101181343
1;71;32.50698091795735
1;72;28.777695542574637
1;73;23.02362747572088
1;74;22.35145551470428
1;75;25.034081115772278
1;76;26.81818695910495
1;77;25.46247505603697
1;78;21.81931029080648
1;79;27.635863876759647
1;80;27.843218422361208
1;81;25.181533882385725
1;82;27.5200114192554
1;83;22.172718228174805
1;84;23.731765354897146
1;85;24.040301765428573
1;86;26.489844647032808
1;87;23.625745869907306
1;88;27.42090367177141
1;89;27.664593192217843
1;90;23.25685254195736
1;91;29.341143092932917
1;92;23.59883353300976
1;93;24.35119977949241
1;94;22.61879206435266
1;95;23.082957763515008
1;96;26.08001351036972
1;97;22.086039679917263
1;98;22.762049169069503
1;99;27.23507969581265
1;100;26.643496387042035
1;101;23.82571069032097
1;102;26.069800660175797
1;103;28.44847708003168
1;104;24.741587622410847
1;105;24.38911336164268
1;106;27.1816111584859
1;107;30.16240361625921
1;108;26.293830915655132
1;109;28.930234160264646
1;110;17.84351113855547
1;111;23.71675224474511
1;112;26.556415734914232
1;113;24.04944578406472
1;114;22.388976601924384
1;115;24.027121989556676
1;116;26.734213169550006
1;117;21.604662307379268
1;118;27.818890067397163
1;119;23.417580838347565
1;120;22.805878732785228
1;121;23.021578107363958
1;122;30.569219231401437
1;123;23.702369741335392
1;124;25.645473433164437
1;125;21.7416525245538
1;126;24.2214831628619
1;127;26.51398093952838
1;128;28.284772541435892
1;129;23.05343306891812
1;130;22.43219822093298
1;131;25.89097399354474
1;132;24.029832862339088
1;133;20.189574452013147
1;134;27.663541419171953
1;135;24.63320863597937
1;136;23.61829004459849
1;137;27.32624914998163
1;138;28.392083626977524
1;139;27.64263954789469
1;140;22.672557982002008
1;141;24.484454667325352
1;142;25.41811327551913
1;143;26.77622854232989
1;144;24.461487151973152
1;145;23.822128780487567
1;146;22.17964659660576
1;147;25.793510237266528
1;148;28.802245246464118
1;149;27.32810670842489
1;150;23.3974298742756
1;151;24.765197683262976
1;152;28.60238499496248
1;153;25.445356652521635
1;154;24.51251530704224
1;155;25.857841016910548
1;156;25.022712286881912
1;157;23.151499282126924
1;158;27.631028143313927
1;159;29.919069430431204
1;160;22.464438728200268
1;161;26.708852598815735
1;162;22.804148710917826
1;163;21.582438205748744
1;164;23.767779667117544
1;165;23.531679128857256
1;166;28.704655151398207
1;167;25.322569895987876
1;168;24.660015781799224
1;169;29.04805528639577
1;170;23.328373549358044
1;171;24.523067569999863
1;172;21.643099369808247
1;173;28.305752488287908
1;174;21.806679287831212
1;175;28.198931994088408
1;176;27.49850262230792
1;177;26.08739277594921
1;178;17.753804184639066
1;179;25.029241864874695
1;180;23.50660959516109
1;181;27.349971434790497
1;182;26.1220347714162
1;183;29.35225863753044
1;184;22.23463343019918
1;185;26.64610744095223
1;186;30.833783048294336
1;187;27.948948670386287
1;188;26.503114093034394
1;189;29.1129890537456
1;190;26.18154357242993
1;191;22.13007119557797
1;192;24.72679741620533
1;193;25.73756330291775
1;194;25.277547772515973
1;195;26.456150022014658
1;196;20.063642484658985
1;197;26.523046958844755
1;198;22.238346934392776
1;199;24.707212441107654
1;200;23.36081519028854
1;201;24.696604532350417
1;202;23.973179491973283
1;203;28.5329931701564
1;204;23.563548485123633
1;205;19.185428191510105
1;206;27.706613674359417
1;207;24.797627475102445
1;208;24.549739792329355
1;209;23.948797898483615
1;210;26.275828679677875
1;211;19.78374713781
1;212;26.158005247064388
1;213;27.58582559906251
1;214;27.34723129984071
1;215;29.072826492715315
1;216;21.65440453658439
1;217;19.955824994179544
1;218;23.32835819652968
1;219;28.40891999592292
1;220;23.71411654155004
1;221;25.09979515609926
1;222;27.41108652735325
1;223;22.152768003020302
1;224;27.11788282580478
1;225;27.22056167235752
1;226;19.81058049922783
1;227;30.466690756669593
1;228;26.36427120237416
1;229;22.79383018799394
1;230;28.215278151386705
1;231;26.256517949586694
1;232;23.69918186301061
1;233;28.066549226383334
1;234;25.867217095645703
1;235;23.911119881675944
1;236;27.847994839411367
1;237;22.09857114248601
1;238;25.95939592952384
1;239;26.10748152292381
1;240;27.452321773505844
1;241;5.0
1;242;5.0
1;243;5.0
1;244;5.0
1;245;5.0
1;246;5.0
1;247;5.0
1;248;5.0
1;249;5.0
1;250;5.0
1;251;5.0
1;252;5.0
1;253;5.0
1;254;5.0
1;255;5.0
1;256;5.0
1;257;5.0
1;258;5.0
1;259;5.0
1;260;5.0
1;261;5.0
1;262;5.0
1;263;5.0
1;264;5.0
1;265;5.0
1;266;5.0
1;267;5.0
1;268;5.0
1;269;5.0
1;270;5.0
1;271;5.0
1;272;5.0
1;273;5.0
1;274;5.0
1;275;5.0
1;276;5.0
1;277;5.0
1;278;5.0
1;279;5.0
1;280;5.0
1;281;5.0
1;282;5.0
1;283;5.0
1;284;5.0
1;285;5.0
1;286;5.0
1;287;5.0
1;288;5.0
1;289;5.0
1;290;5.0
1;291;5.0
1;292;5.0
1;293;5.0
1;294;5.0
1;295;5.0
1;296;5.0
1;297;5.0
1;298;5.0
1;299;5.0
1;300;5.0
1;301;5.0
1;302;5.0
1;303;5.0
1;304;5.0
1;305;5.0
1;306;5.0
1;307;5.0
1;308;5.0
1;309;5.0
1;310;5.0
1;311;5.0
1;312;5.0
1;313;5.0
1;314;5.0
1;315;5.0
1;316;5.0
1;317;5.0
1;318;5.0
1;319;5.0
1;320;5.0
1;321;5.0
1;322;5.0
1;323;5.0
1;324;5.0
1;325;5.0
1;326;5.0
1;327;5.0
1;328;5.0
1;329;5.0
1;330;5.0
1;331;5.0
1;332;5.0
1;333;5.0
1;334;5.0
1;335;5.0
1;336;5.0
2;1;25.259434554839416
2;2;26.70834107622167
2;3;22.17617801198604
2;4;24.760083425799248
2;5;30.726745402548968
2;6;23.45476782929764
2;7;26.95981836321128
2;8;19.614007131886986
2;9;28.41719530440455
2;10;31.88918374365183
2;11;20.982460369540448
2;12;25.92082720707645
2;13;26.512499876774815
2;14;25.43706064072189
2;15;26.318538930286337
2;16;22.414528950417584
2;17;27.470993428002384
2;18;28.071656081791247
2;19;20.78286610404046
2;20;22.925049461771227
2;21;28.26825501053684
2;22;26.747533101181343
2;23;32.50698091795735
2;24;28.777695542574637
2;25;23.02362747572088
2;26;22.35145551470428
2;27;25.034081115772278
2;28;26.81818695910495
2;29;25.46247505603697
2;30;21.81931029080648
2;31;27.635863876759647
2;32;27.843218422361208
2;33;25.181533882385725
2;34;27.5200114192554
2;35;22.172718228174805
2;36;23.731765354897146
2;37;24.040301765428573
2;38;26.489844647032808
2;39;23.625745869907306
2;40;27.42090367177141
2;41;27.664593192217843
2;42;23.25685254195736
2;43;29.341143092932917
2;44;23.59883353300976
2;45;24.35119977949241
2;46;22.61879206435266
2;47;23.082957763515008
2;48;26.08001351036972
2;49;25.504383273524503
2;50;21.94067832240447
2;51;23.12141218655549
2;52;23.858047880420955
2;53;22.59649406223988
2;54;25.619144261050202
2;55;22.159177477732474
2;56;24.412574939322663
2;57;25.93208470718513
2;58;24.899804624724737
2;59;20.92553299182615
2;60;24.445162693796547
2;61;25.59049456913672
2;62;26.974994486640608
2;63;26.801164224023847
2;64;23.38677911346887
2;65;24.31904299584269
2;66;25.135644627397618
2;67;21.390269387129457
2;68;21.88048921004823
2;69;22.360455960694765
2;70;26.06679159855601
2;71;24.58882721661313
2;72;25.932718005299908
2;73;28.105445611065896
2;74;28.73443938544484
2;75;22.196668348732327
2;76;29.719591802336208
2;77;21.8429878160278
2;78;25.88070020309216
2;79;26.342807654068626
2;80;24.343358095028577
2;81;21.47019974253565
2;82;22.20866593509916
2;83;26.47969257882924
2;84;23.726473792854037
2;85;24.15058663835952
2;86;28.47605375340064
2;87;28.386275211553848
2;88;25.564019350882216
2;89;28.74208281420995
2;90;20.645497061656744
2;91;25.23064162183748
2;92;22.85205494847829
2;93;23.14808952104724
2;94;23.080318670729376
2;95;25.702458685262275
2;96;23.861239666074702
2;97;25.73756330291775
2;98;25.277547772515973
2;99;26.456150022014658
2;100;20.063642484658985
2;101;26.523046958844755
2;102;22.238346934392776
2;103;24.707212441107654
2;104;23.36081519028854
2;105;24.696604532350417
2;106;23.973179491973283
2;107;28.5329931701564
2;108;23.563548485123633
2;109;19.185428191510105
2;110;27.706613674359417
2;111;24.797627475102445
2;112;24.549739792329355
2;113;23.948797898483615
2;114;26.275828679677875
2;115;19.78374713781
2;116;26.158005247064388
2;117;27.58582559906251
2;118;27.34723129984071
2;119;29.072826492715315
2;120;21.65440453658439
2;121;19.955824994179544
2;122;23.32835819652968
2;123;28.40891999592292
2;124;23.71411654155004
2;125;25.09979515609926
2;126;27.41108652735325
2;127;22.152768003020302
2;128;27.11788282580478
2;129;27.22056167235752
2;130;19.81058049922783
2;131;30.466690756669593
2;132;26.36427120237416
2;133;22.79383018799394
2;134;28.215278151386705
2;135;26.256517949586694
2;136;23.69918186301061
2;137;28.066549226383334
2;138;25.867217095645703
2;139;23.911119881675944
2;140;27.847994839411367
2;141;22.09857114248601
2;142;25.95939592952384
2;143;26.10748152292381
2;144;27.452321773505844
2;145;29.302349071746463
2;146;20.531405950086853
2;147;30.009464406287627
2;148;25.692239845012008
2;149;22.965456469110006
2;150;25.39702160081696
2;151;20.18504353231254
2;152;22.202543132271185
2;153;22.49292370973007
2;154;26.183768820902444
2;155;24.76242224460329
2;156;25.599115003307308
2;157;28.95911434854965
2;158;25.13196161938988
2;159;28.099463826788327
2;160;24.02621125930856
2;161;27.15732596803543
2;162;25.641322594454856
2;163;24.83749194644225
2;164;20.747620266048703
2;165;28.22634618870149
2;166;24.66164040897528
2;167;24.097727499109528
2;168;21.59850588400122
2;169;28.922223069660262
2;170;22.027684643465808
2;171;25.06035261717549
2;172;22.753497595570337
2;173;25.118725864300625
2;174;19.22842264188741
2;175;25.797920422797947
2;176;20.851631874261614
2;177;21.585668326912636
2;178;20.933655460522143
2;179;22.17717071925528
2;180;24.92030774588316
2;181;24.80232384853076
2;182;30.789346799574226
2;183;20.6569936319024
2;184;21.89389098798063
2;185;22.625230734542978
2;186;27.91077844435493
2;187;24.35442153371108
2;188;25.355598143792363
2;189;28.738936038482866
2;190;24.090475684863716
2;191;24.706206268229092
2;192;29.074283204471065
2;193;22.086039679917263
2;194;22.762049169069503
2;195;27.23507969581265
2;196;26.643496387042035
2;197;23.82571069032097
2;198;26.069800660175797
2;199;28.44847708003168
2;200;24.741587622410847
2;201;24.38911336164268
2;202;27.1816111584859
2;203;30.16240361625921
2;204;26.293830915655132
2;205;28.930234160264646
2;206;17.84351113855547
2;207;23.71675224474511
2;208;26.556415734914232
2;209;24.04944578406472
2;210;22.388976601924384
2;211;24.027121989556676
2;212;26.734213169550006
2;213;21.604662307379268
2;214;27.818890067397163
2;215;23.417580838347565
2;216;22.805878732785228
2;217;23.021578107363958
2;218;30.569219231401437
2;219;23.702369741335392
2;220;25.645473433164437
2;221;21.7416525245538
2;222;24.2214831628619
2;223;26.51398093952838
2;224;28.284772541435892
2;225;23.05343306891812
2;226;22.43219822093298
2;227;25.89097399354474
2;228;24.029832862339088
2;229;20.189574452013147
2;230;27.663541419171953
2;231;24.63320863597937
2;232;23.61829004459849
2;233;27.32624914998163
2;234;28.392083626977524
2;235;27.64263954789469
2;236;22.672557982002008
2;237;24.484454667325352
2;238;25.41811327551913
2;239;26.77622854232989
2;240;24.461487151973152
2;241;5.0
2;242;5.0
2;243;5.0
2;244;5.0
2;245;5.0
2;246;5.0
2;247;5.0
2;248;5.0
2;249;5.0
2;250;5.0
2;251;5.0
2;252;5.0
2;253;5.0
2;254;5.0
2;255;5.0
2;256;5.0
2;257;5.0
2;258;5.0
2;259;5.0
2;260;5.0
2;261;5.0
2;262;5.0
2;263;5.0
2;264;5.0
2;265;5.0
2;266;5.0
2;267;5.0
2;268;5.0
2;269;5.0
2;270;5.0
2;271;5.0
2;272;5.0
2;273;5.0
2;274;5.0
2;275;5.0
2;276;5.0
2;277;5.0
2;278;5.0
2;279;5.0
2;280;5.0
2;281;5.0
2;282;5.0
2;283;5.0
2;284;5.0
2;285;5.0
2;286;5.0
2;287;5.0
2;288;5.0
2;289;5.0
2;290;5.0
2;291;5.0
2;292;5.0
2;293;5.0
2;294;5.0
2;295;5.0
2;296;5.0
2;297;5.0
2;298;5.0
2;299;5.0
2;300;5.0
2;301;5.0
2;302;5.0
2;303;5.0
2;304;5.0
2;305;5.0
2;306;5.0
2;307;5.0
2;308;5.0
2;309;5.0
2;310;5.0
2;311;5.0
2;312;5.0
2;313;5.0
2;314;5.0
2;315;5.0
2;316;5.0
2;317;5.0
2;318;5.0
2;319;5.0
2;320;5.0
2;321;5.0
2;322;5.0
2;323;5.0
2;324;5.0
2;325;5.0
2;326;5.0
2;327;5.0
2;328;5.0
2;329;5.0
2;330;5.0
2;331;5.0
2;332;5.0
2;333;5.0
2;334;5.0
2;335;5.0
2;336;5.0
3;1;25.73756330291775
3;2;25.277547772515973
3;3;26.456150022014658
3;4;20.063642484658985
3;5;26.523046958844755
3;6;22.238346934392776
3;7;24.707212441107654
3;8;23.36081519028854
3;9;24.696604532350417
3;10;23.973179491973283
3;11;28.5329931701564
3;12;23.563548485123633
3;13;19.185428191510105
3;14;27.706613674359417
3;15;24.797627475102445
3;16;24.549739792329355
3;17;23.948797898483615
3;18;26.275828679677875
3;19;19.78374713781
3;20;26.158005247064388
3;21;27.58582559906251
3;22;27.34723129984071
3;23;29.072826492715315
3;24;21.65440453658439
3;25;19.955824994179544
3;26;23.32835819652968
3;27;28.40891999592292
3;28;23.71411654155004
3;29;25.09979515609926
3;30;27.41108652735325
3;31;22.152768003020302
3;32;27.11788282580478
3;33;27.22056167235752
3;34;19.81058049922783
3;35;30.466690756669593
3;36;26.36427120237416
3;37;22.79383018799394
3;38;28.215278151386705
3;39;26.256517949586694
3;40;23.69918186301061
3;41;28.066549226383334
3;42;25.867217095645703
3;43;23.911119881675944
3;44;27.847994839411367
3;45;22.09857114248601
3;46;25.95939592952384
3;47;26.10748152292381
3;48;27.452321773505844
3;49;27.10800760210852
3;50;26.619718277274806
3;51;25.52439106465477
3;52;21.582194766688385
3;53;25.086272406871597
3;54;21.278293191487695
3;55;22.92914467280924
3;56;25.86973082414405
3;57;20.34581013511433
3;58;26.20573702475622
3;59;23.62778480672143
3;60;30.622233628408917
3;61;27.64181515460761
3;62;25.43036005488589
3;63;24.449231821704448
3;64;23.11419898617228
3;65;27.128877635436876
3;66;25.61599573846735
3;67;24.48661738273153
3;68;26.52756105570688
3;69;25.44371298217732
3;70;23.91887122315789
3;71;25.252775156639252
3;72;25.247106741158145
3;73;27.667542203418904
3;74;20.903865688726615
3;75;20.68521925170588
3;76;28.204221463500783
3;77;26.01922668252243
3;78;26.417626661285567
3;79;20.527153233227256
3;80;24.70615219915452
3;81;27.60445381250966
3;82;23.93141666157808
3;83;18.36964015005447
3;84;23.573629211543057
3;85;26.70429387090841
3;86;25.27785839862697
3;87;24.41433081335452
3;88;30.75480275167908
3;89;24.87610638182264
3;90;27.166143325853746
3;91;22.671301063009572
3;92;21.87817754449298
3;93;25.454525522972688
3;94;26.21232871172664
3;95;25.719673410409587
3;96;24.520961666905883
3;97;25.259434554839416
3;98;26.70834107622167
3;99;22.17617801198604
3;100;24.760083425799248
3;101;30.726745402548968
3;102;23.45476782929764
3;103;26.95981836321128
3;104;19.614007131886986
3;105;28.41719530440455
3;106;31.88918374365183
3;107;20.982460369540448
3;108;25.92082720707645
3;109;26.512499876774815
3;110;25.43706064072189
3;111;26.318538930286337
3;112;22.414528950417584
3;113;27.470993428002384
3;114;28.071656081791247
3;115;20.78286610404046
3;116;22.925049461771227
3;117;28.26825501053684
3;118;26.747533101181343
3;119;32.50698091795735
3;120;28.777695542574637
3;121;23.02362747572088
3;122;22.35145551470428
3;123;25.034081115772278
3;124;26.81818695910495
3;125;25.46247505603697
3;126;21.81931029080648
3;127;27.635863876759647
3;128;27.843218422361208
3;129;25.181533882385725
3;130;27.5200114192554
3;131;22.172718228174805
3;132;23.731765354897146
3;133;24.040301765428573
3;134;26.489844647032808
3;135;23.625745869907306
3;136;27.42090367177141
3;137;27.664593192217843
3;138;23.25685254195736
3;139;29.341143092932917
3;140;23.59883353300976
3;141;24.35119977949241
3;142;22.61879206435266
3;143;23.082957763515008
3;144;26.08001351036972
3;145;23.822128780487567
3;146;22.17964659660576
3;147;25.793510237266528
3;148;28.802245246464118
3;149;27.32810670842489
3;150;23.3974298742756
3;151;24.765197683262976
3;152;28.60238499496248
3;153;25.445356652521635
3;154;24.51251530704224
3;155;25.857841016910548
3;156;25.022712286881912
3;157;23.151499282126924
3;158;27.631028143313927
3;159;29.919069430431204
3;160;22.464438728200268
3;161;26.708852598815735
3;162;22.804148710917826
3;163;21.582438205748744
3;164;23.767779667117544
3;165;23.531679128857256
3;166;28.704655151398207
3;167;25.322569895987876
3;168;24.660015781799224
3;169;29.04805528639577
3;170;23.328373549358044
3;171;24.523067569999863
3;172;21.643099369808247
3;173;28.305752488287908
3;174;21.806679287831212
3;175;28.198931994088408
3;176;27.49850262230792
3;177;26.08739277594921
3;178;17.753804184639066
3;179;25.029241864874695
3;180;23.50660959516109
3;181;27.349971434790497
3;182;26.1220347714162
3;183;29.35225863753044
3;184;22.23463343019918
3;185;26.64610744095223
3;186;30.833783048294336
3;187;27.948948670386287
3;188;26.503114093034394
3;189;29.1129890537456
3;190;26.18154357242993
3;191;22.13007119557797
3;192;24.72679741620533
3;193;25.653152358878543
3;194;24.88801434143225
3;195;23.330513950737508
3;196;21.65954624835056
3;197;24.746781119112605
3;198;24.80742810158951
3;199;30.011352424453833
3;200;24.820238416546324
3;201;24.18617763218191
3;202;21.41126935546912
3;203;26.633939444035107
3;204;22.8831044116475
3;205;24.573975444005953
3;206;30.781598534592312
3;207;25.00826632998066
3;208;23.644874581204977
3;209;21.961503852213745
3;210;28.71669466363006
3;211;21.753853360400328
3;212;26.585657758769685
3;213;23.926718003286272
3;214;25.195454429689825
3;215;27.93009400725115
3;216;23.64232436836243
3;217;24.57250895035496
3;218;29.814045263058297
3;219;23.574279186856952
3;220;20.611611774586343
3;221;21.087670687033473
3;222;28.755685143114835
3;223;23.10821572331052
3;224;28.69096196333588
3;225;27.113336854145302
3;226;23.666264482938484
3;227;30.237495724657435
3;228;24.768641522329126
3;229;21.464305245213197
3;230;22.52759147199546
3;231;23.052768894502524
3;232;25.484043887328223
3;233;25.544488628919623
3;234;28.6788592305116
3;235;23.382152379137
3;236;24.885516242278072
3;237;27.48842541751975
3;238;27.27043216723605
3;239;28.999318224629263
3;240;21.47586887478952
3;241;5.0
3;242;5.0
3;243;5.0
3;244;5.0
3;245;5.0
3;246;5.0
3;247;5.0
3;248;5.0
3;249;5.0
3;250;5.0
3;251;5.0
3;252;5.0
3;253;5.0
3;254;5.0
3;255;5.0
3;256;5.0
3;257;5.0
3;258;5.0
3;259;5.0
3;260;5.0
3;261;5.0
3;262;5.0
3;263;5.0
3;264;5.0
3;265;5.0
3;266;5.0
3;267;5.0
3;268;5.0
3;269;5.0
3;270;5.0
3;271;5.0
3;272;5.0
3;273;5.0
3;274;5.0
3;275;5.0
3;276;5.0
3;277;5.0
3;278;5.0
3;279;5.0
3;280;5.0
3;281;5.0
3;282;5.0
3;283;5.0
3;284;5.0
3;285;5.0
3;286;5.0
3;287;5.0
3;288;5.0
3;289;5.0
3;290;5.0
3;291;5.0
3;292;5.0
3;293;5.0
3;294;5.0
3;295;5.0
3;296;5.0
3;297;5.0
3;298;5.0
3;299;5.0
3;300;5.0
3;301;5.0
3;302;5.0
3;303;5.0
3;304;5.0
3;305;5.0
3;306;5.0
3;307;5.0
3;308;5.0
3;309;5.0
3;310;5.0
3;311;5.0
3;312;5.0
3;313;5.0
3;314;5.0
3;315;5.0
3;316;5.0
3;317;5.0
3;318;5.0
3;319;5.0
3;320;5.0
3;321;5.0
3;322;5.0
3;323;5.0
3;324;5.0
3;325;5.0
3;326;5.0
3;327;5.0
3;328;5.0
3;329;5.0
3;330;5.0
3;331;5.0
3;332;5.0
3;333;5.0
3;334;5.0
3;335;5.0
3;336;5.0
4;1;22.086039679917263
4;2;22.762049169069503
4;3;27.23507969581265
4;4;26.643496387042035
4;5;23.82571069032097
4;6;26.069800660175797
4;7;28.44847708003168
4;8;24.741587622410847
4;9;24.38911336164268
4;10;27.1816111584859
4;11;30.16240361625921
4;12;26.293830915655132
4;13;28.930234160264646
4;14;17.84351113855547
4;15;23.71675224474511
4;16;26.556415734914232
4;17;24.04944578406472
4;18;22.388976601924384
4;19;24.027121989556676
4;20;26.734213169550006
4;21;21.604662307379268
4;22;27.818890067397163
4;23;23.417580838347565
4;24;22.805878732785228
4;25;23.021578107363958
4;26;30.569219231401437
4;27;23.702369741335392
4;28;25.645473433164437
4;29;21.7416525245538
4;30;24.2214831628619
4;31;26.51398093952838
4;32;28.284772541435892
4;33;23.05343306891812
4;34;22.43219822093298
4;35;25.89097399354474
4;36;24.029832862339088
4;37;20.189574452013147
4;38;27.663541419171953
4;39;24.63320863597937
4;40;23.61829004459849
4;41;27.32624914998163
4;42;28.392083626977524
4;43;27.64263954789469
4;44;22.672557982002008
4;45;24.484454667325352
4;46;25.41811327551913
4;47;26.77622854232989
4;48;24.461487151973152
4;49;27.10800760210852
4;50;26.619718277274806
4;51;25.52439106465477
4;52;21.582194766688385
4;53;25.086272406871597
4;54;21.278293191487695
4;55;22.92914467280924
4;56;25.86973082414405
4;57;20.34581013511433
4;58;26.20573702475622
4;59;23.62778480672143
4;60;30.622233628408917
4;61;27.64181515460761
4;62;25.43036005488589
4;63;24.449231821704448
4;64;23.11419898617228
4;65;27.128877635436876
4;66;25.61599573846735
4;67;24.48661738273153
4;68;26.52756105570688
4;69;25.44371298217732
4;70;23.91887122315789
4;71;25.252775156639252
4;72;25.247106741158145
4;73;27.667542203418904
4;74;20.903865688726615
4;75;20.68521925170588
4;76;28.204221463500783
4;77;26.01922668252243
4;78;26.417626661285567
4;79;20.527153233227256
4;80;24.70615219915452
4;81;27.60445381250966
4;82;23.93141666157808
4;83;18.36964015005447
4;84;23.573629211543057
4;85;26.70429387090841
4;86;25.27785839862697
4;87;24.41433081335452
4;88;30.75480275167908
4;89;24.87610638182264
4;90;27.166143325853746
4;91;22.671301063009572
4;92;21.87817754449298
4;93;25.454525522972688
4;94;26.21232871172664
4;95;25.719673410409587
4;96;24.520961666905883
4;97;24.03099231740888
4;98;25.552267126434185
4;99;25.012656974046386
4;100;27.197952742417495
4;101;21.91624711286224
4;102;21.961147977210516
4;103;25.91739571836923
4;104;27.152904838349986
4;105;23.372214212154294
4;106;26.92306294997082
4;107;24.397665563352255
4;108;26.461639895625943
4;109;22.665003571620186
4;110;27.134561571232645
4;111;24.38487684801186
4;112;27.356229997262993
4;113;26.876902800146745
4;114;25.359667350275718
4;115;23.832656290216743
4;116;21.869074152052736
4;117;22.17855172606889
4;118;27.19603572973905
4;119;26.06862386941308
4;120;25.077262390596395
4;121;24.439084045532017
4;122;26.60560292918156
4;123;21.678388538660126
4;124;20.493628271611023
4;125;21.767264761891884
4;126;29.034445362554443
4;127;25.626469707668004
4;128;24.15770372537065
4;129;27.35944487950885
4;130;25.27528716061618
4;131;26.763151615893484
4;132;23.515433765108863
4;133;22.388695904403995
4;134;22.798936656984477
4;135;23.213565404227744
4;136;20.99546235049956
4;137;21.22608147648945
4;138;28.90838058279478
4;139;24.196966396844346
4;140;29.149877593733464
4;141;27.44163862573353
4;142;23.30028491716764
4;143;28.23140549639925
4;144;21.55181657113676
4;145;29.302349071746463
4;146;20.531405950086853
4;147;30.009464406287627
4;148;25.692239845012008
4;149;22.965456469110006
4;150;25.39702160081696
4;151;20.18504353231254
4;152;22.202543132271185
4;153;22.49292370973007
4;154;26.183768820902444
4;155;24.76242224460329
4;156;25.599115003307308
4;157;28.95911434854965
4;158;25.13196161938988
4;159;28.099463826788327
4;160;24.02621125930856
4;161;27.15732596803543
4;162;25.641322594454856
4;163;24.83749194644225
4;164;20.747620266048703
4;165;28.22634618870149
4;166;24.66164040897528
4;167;24.097727499109528
4;168;21.59850588400122
4;169;28.922223069660262
4;170;22.027684643465808
4;171;25.06035261717549
4;172;22.753497595570337
4;173;25.118725864300625
4;174;19.22842264188741
4;175;25.797920422797947
4;176;20.851631874261614
4;177;21.585668326912636
4;178;20.933655460522143
4;179;22.17717071925528
4;180;24.92030774588316
4;181;24.80232384853076
4;182;30.789346799574226
4;183;20.6569936319024
4;184;21.89389098798063
4;185;22.625230734542978
4;186;27.91077844435493
4;187;24.35442153371108
4;188;25.355598143792363
4;189;28.738936038482866
4;190;24.090475684863716
4;191;24.706206268229092
4;192;29.074283204471065
4;193;25.504383273524503
4;194;21.94067832240447
4;195;23.12141218655549
4;196;23.858047880420955
4;197;22.59649406223988
4;198;25.619144261050202
4;199;22.159177477732474
4;200;24.412574939322663
4;201;25.93208470718513
4;202;24.899804624724737
4;203;20.92553299182615
4;204;24.445162693796547
4;205;25.59049456913672
4;206;26.974994486640608
4;207;26.801164224023847
4;208;23.38677911346887
4;209;24.31904299584269
4;210;25.135644627397618
4;211;21.390269387129457
4;212;21.88048921004823
4;213;22.360455960694765
4;214;26.06679159855601
4;215;24.58882721661313
4;216;25.932718005299908
4;217;28.105445611065896
4;218;28.73443938544484
4;219;22.196668348732327
4;220;29.719591802336208
4;221;21.8429878160278
4;222;25.88070020309216
4;223;26.342807654068626
4;224;24.343358095028577
4;225;21.47019974253565
4;226;22.20866593509916
4;227;26.47969257882924
4;228;23.726473792854037
4;229;24.15058663835952
4;230;28.47605375340064
4;231;28.386275211553848
4;232;25.564019350882216
4;233;28.74208281420995
4;234;20.645497061656744
4;235;25.23064162183748
4;236;22.85205494847829
4;237;23.14808952104724
4;238;23.080318670729376
4;239;25.702458685262275
4;240;23.861239666074702
4;241;5.0
4;242;5.0
4;243;5.0
4;244;5.0
4;245;5.0
4;246;5.0
4;247;5.0
4;248;5.0
4;249;5.0
4;250;5.0
4;251;5.0
4;252;5.0
4;253;5.0
4;254;5.0
4;255;5.0
4;256;5.0
4;257;5.0
4;258;5.0
4;259;5.0
4;260;5.0
4;261;5.0
4;262;5.0
4;263;5.0
4;264;5.0
4;265;5.0
4;266;5.0
4;267;5.0
4;268;5.0
4;269;5.0
4;270;5.0
4;271;5.0
4;272;5.0
4;273;5.0
4;274;5.0
4;275;5.0
4;276;5.0
4;277;5.0
4;278;5.0
4;279;5.0
4;280;5.0
4;281;5.0
4;282;5.0
4;283;5.0
4;284;5.0
4;285;5.0
4;286;5.0
4;287;5.0
4;288;5.0
4;289;5.0
4;290;5.0
4;291;5.0
4;292;5.0
4;293;5.0
4;294;5.0
4;295;5.0
4;296;5.0
4;297;5.0
4;298;5.0
4;299;5.0
4;300;5.0
4;301;5.0
4;302;5.0
4;303;5.0
4;304;5.0
4;305;5.0
4;306;5.0
4;307;5.0
4;308;5.0
4;309;5.0
4;310;5.0
4;311;5.0
4;312;5.0
4;313;5.0
4;314;5.0
4;315;5.0
4;316;5.0
4;317;5.0
4;318;5.0
4;319;5.0
4;320;5.0
4;321;5.0
4;322;5.0
4;323;5.0
4;324;5.0
4;325;5.0
4;326;5.0
4;327;5.0
4;328;5.0
4;329;5.0
4;330;5.0
4;331;5.0
4;332;5.0
4;333;5.0
4;334;5.0
4;335;5.0
4;336;5.0
5;1;29.302349071746463
5;2;20.531405950086853
5;3;30.009464406287627
5;4;25.692239845012008
5;5;22.965456469110006
5;6;25.39702160081696
5;7;20.18504353231254
5;8;22.202543132271185
5;9;22.49292370973007
5;10;26.183768820902444
5;11;24.76242224460329
5;12;25.599115003307308
5;13;28.95911434854965
5;14;25.13196161938988
5;15;28.099463826788327
5;16;24.02621125930856
5;17;27.15732596803543
5;18;25.641322594454856
5;19;24.83749194644225
5;20;20.747620266048703
5;21;28.22634618870149
5;22;24.66164040897528
5;23;24.097727499109528
5;24;21.59850588400122
5;25;28.922223069660262
5;26;22.027684643465808
5;27;25.06035261717549
5;28;22.753497595570337
5;29;25.118725864300625
5;30;19.22842264188741
5;31;25.797920422797947
5;32;20.851631874261614
5;33;21.585668326912636
5;34;20.933655460522143
5;35;22.17717071925528
5;36;24.92030774588316
5;37;24.80232384853076
5;38;30.789346799574226
5;39;20.6569936319024
5;40;21.89389098798063
5;41;22.625230734542978
5;42;27.91077844435493
5;43;24.35442153371108
5;44;25.355598143792363
5;45;28.738936038482866
5;46;24.090475684863716
5;47;24.706206268229092
5;48;29.074283204471065
5;49;23.822128780487567
5;50;22.17964659660576
5;51;25.793510237266528
5;52;28.802245246464118
5;53;27.32810670842489
5;54;23.3974298742756
5;55;24.765197683262976
5;56;28.60238499496248
5;57;25.445356652521635
5;58;24.51251530704224
5;59;25.857841016910548
5;60;25.022712286881912
5;61;23.151499282126924
5;62;27.631028143313927
5;63;29.919069430431204
5;64;22.464438728200268
5;65;26.708852598815735
5;66;22.804148710917826
5;67;21.582438205748744
5;68;23.767779667117544
5;69;23.531679128857256
5;70;28.704655151398207
5;71;25.322569895987876
5;72;24.660015781799224
5;73;29.04805528639577
5;74;23.328373549358044
5;75;24.523067569999863
5;76;21.643099369808247
5;77;28.305752488287908
5;78;21.806679287831212
5;79;28.198931994088408
5;80;27.49850262230792
5;81;26.08739277594921
5;82;17.753804184639066
5;83;25.029241864874695
5;84;23.50660959516109
5;85;27.349971434790497
5;86;26.1220347714162
5;87;29.35225863753044
5;88;22.23463343019918
5;89;26.64610744095223
5;90;30.833783048294336
5;91;27.948948670386287
5;92;26.503114093034394
5;93;29.1129890537456
5;94;26.18154357242993
5;95;22.13007119557797
5;96;24.72679741620533
5;97;29.302349071746463
5;98;20.531405950086853
5;99;30.009464406287627
5;100;25.692239845012008
5;101;22.965456469110006
5;102;25.39702160081696
5;103;20.18504353231254
5;104;22.202543132271185
5;105;22.49292370973007
5;106;26.183768820902444
5;107;24.76242224460329
5;108;25.599115003307308
5;109;28.95911434854965
5;110;25.13196161938988
5;111;28.099463826788327
5;112;24.02621125930856
5;113;27.15732596803543
5;114;25.641322594454856
5;115;24.83749194644225
5;116;20.747620266048703
5;117;28.22634618870149
5;118;24.66164040897528
5;119;24.097727499109528
5;120;21.59850588400122
5;121;28.922223069660262
5;122;22.027684643465808
5;123;25.06035261717549
5;124;22.753497595570337
5;125;25.118725864300625
5;126;19.22842264188741
5;127;25.797920422797947
5;128;20.851631874261614
5;129;21.585668326912636
5;130;20.933655460522143
5;131;22.17717071925528
5;132;24.92030774588316
5;133;24.80232384853076
5;134;30.789346799574226
5;135;20.6569936319024
5;136;21.89389098798063
5;137;22.625230734542978
5;138;27.91077844435493
5;139;24.35442153371108
5;140;25.355598143792363
5;141;28.738936038482866
5;142;24.090475684863716
5;143;24.706206268229092
5;144;29.074283204471065
5;145;22.086039679917263
5;146;22.762049169069503
5;147;27.23507969581265
5;148;26.643496387042035
5;149;23.82571069032097
5;150;26.069800660175797
5;151;28.44847708003168
5;152;24.741587622410847
5;153;24.38911336164268
5;154;27.1816111584859
5;155;30.16240361625921
5;156;26.293830915655132
5;157;28.930234160264646
5;158;17.84351113855547
5;159;23.71675224474511
5;160;26.556415734914232
5;161;24.04944578406472
5;162;22.388976601924384
5;163;24.027121989556676
5;164;26.734213169550006
5;165;21.604662307379268
5;166;27.818890067397163
5;167;23.417580838347565
5;168;22.805878732785228
5;169;23.021578107363958
5;170;30.569219231401437
5;171;23.702369741335392
5;172;25.645473433164437
5;173;21.7416525245538
5;174;24.2214831628619
5;175;26.51398093952838
5;176;28.284772541435892
5;177;23.05343306891812
5;178;22.43219822093298
5;179;25.89097399354474
5;180;24.029832862339088
5;181;20.189574452013147
5;182;27.663541419171953
5;183;24.63320863597937
5;184;23.61829004459849
5;185;27.32624914998163
5;186;28.392083626977524
5;187;27.64263954789469
5;188;22.672557982002008
5;189;24.484454667325352
5;190;25.41811327551913
5;191;26.77622854232989
5;192;24.461487151973152
5;193;27.10800760210852
5;194;26.619718277274806
5;195;25.52439106465477
5;196;21.582194766688385
5;197;25.086272406871597
5;198;21.278293191487695
5;199;22.92914467280924
5;200;25.86973082414405
5;201;20.34581013511433
5;202;26.20573702475622
5;203;23.62778480672143
5;204;30.622233628408917
5;205;27.64181515460761
5;206;25.43036005488589
5;207;24.449231821704448
5;208;23.11419898617228
5;209;27.128877635436876
5;210;25.61599573846735
5;211;24.48661738273153
5;212;26.52756105570688
5;213;25.44371298217732
5;214;23.91887122315789
5;215;25.252775156639252
5;216;25.247106741158145
5;217;27.667542203418904
5;218;20.903865688726615
5;219;20.68521925170588
5;220;28.204221463500783
5;221;26.01922668252243
5;222;26.417626661285567
5;223;20.527153233227256
5;224;24.70615219915452
5;225;27.60445381250966
5;226;23.93141666157808
5;227;18.36964015005447
5;228;23.573629211543057
5;229;26.70429387090841
5;230;25.27785839862697
5;231;24.41433081335452
5;232;30.75480275167908
5;233;24.87610638182264
5;234;27.166143325853746
5;235;22.671301063009572
5;236;21.87817754449298
5;237;25.454525522972688
5;238;26.21232871172664
5;239;25.719673410409587
5;240;24.520961666905883
5;241;5.0
5;242;5.0
5;243;5.0
5;244;5.0
5;245;5.0
5;246;5.0
5;247;5.0
5;248;5.0
5;249;5.0
5;250;5.0
5;251;5.0
5;252;5.0
5;253;5.0
5;254;5.0
5;255;5.0
5;256;5.0
5;257;5.0
5;258;5.0
5;259;5.0
5;260;5.0
5;261;5.0
5;262;5.0
5;263;5.0
5;264;5.0
5;265;5.0
5;266;5.0
5;267;5.0
5;268;5.0
5;269;5.0
5;270;5.0
5;271;5.0
5;272;5.0
5;273;5.0
5;274;5.0
5;275;5.0
5;276;5.0
5;277;5.0
5;278;5.0
5;279;5.0
5;280;5.0
5;281;5.0
5;282;5.0
5;283;5.0
5;284;5.0
5;285;5.0
5;286;5.0
5;287;5.0
5;288;5.0
5;289;5.0
5;290;5.0
5;291;5.0
5;292;5.0
5;293;5.0
5;294;5.0
5;295;5.0
5;296;5.0
5;297;5.0
5;298;5.0
5;299;5.0
5;300;5.0
5;301;5.0
5;302;5.0
5;303;5.0
5;304;5.0
5;305;5.0
5;306;5.0
5;307;5.0
5;308;5.0
5;309;5.0
5;310;5.0
5;311;5.0
5;312;5.0
5;313;5.0
5;314;5.0
5;315;5.0
5;316;5.0
5;317;5.0
5;318;5.0
5;319;5.0
5;320;5.0
5;321;5.0
5;322;5.0
5;323;5.0
5;324;5.0
5;325;5.0
5;326;5.0
5;327;5.0
5;328;5.0
5;329;5.0
5;330;5.0
5;331;5.0
5;332;5.0
5;333;5.0
5;334;5.0
5;335;5.0
5;336;5.0
6;1;24.03099231740888
6;2;25.552267126434185
6;3;25.012656974046386
6;4;27.197952742417495
6;5;21.91624711286224
6;6;21.961147977210516
6;7;25.91739571836923
6;8;27.152904838349986
6;9;23.372214212154294
6;10;26.92306294997082
6;11;24.397665563352255
6;12;26.461639895625943
6;13;22.665003571620186
6;14;27.134561571232645
6;15;24.38487684801186
6;16;27.356229997262993
6;17;26.876902800146745
6;18;25.359667350275718
6;19;23.832656290216743
6;20;21.869074152052736
6;21;22.17855172606889
6;22;27.19603572973905
6;23;26.06862386941308
6;24;25.077262390596395
6;25;24.439084045532017
6;26;26.60560292918156
6;27;21.678388538660126
6;28;20.493628271611023
6;29;21.767264761891884
6;30;29.034445362554443
6;31;25.626469707668004
6;32;24.15770372537065
6;33;27.35944487950885
6;34;25.27528716061618
6;35;26.763151615893484
6;36;23.515433765108863
6;37;22.388695904403995
6;38;22.798936656984477
6;39;23.213565404227744
6;40;20.99546235049956
6;41;21.22608147648945
6;42;28.90838058279478
6;43;24.196966396844346
6;44;29.149877593733464
6;45;27.44163862573353
6;46;23.30028491716764
6;47;28.23140549639925
6;48;21.55181657113676
6;49;25.504383273524503
6;50;21.94067832240447
6;51;23.12141218655549
6;52;23.858047880420955
6;53;22.59649406223988
6;54;25.619144261050202
6;55;22.159177477732474
6;56;24.412574939322663
6;57;25.93208470718513
6;58;24.899804624724737
6;59;20.92553299182615
6;60;24.445162693796547
6;61;25.59049456913672
6;62;26.974994486640608
6;63;26.801164224023847
6;64;23.38677911346887
6;65;24.31904299584269
6;66;25.135644627397618
6;67;21.390269387129457
6;68;21.88048921004823
6;69;22.360455960694765
6;70;26.06679159855601
6;71;24.58882721661313
6;72;25.932718005299908
6;73;28.105445611065896
6;74;28.73443938544484
6;75;22.196668348732327
6;76;29.719591802336208
6;77;21.8429878160278
6;78;25.88070020309216
6;79;26.342807654068626
6;80;24.343358095028577
6;81;21.47019974253565
6;82;22.20866593509916
6;83;26.47969257882924
6;84;23.726473792854037
6;85;24.15058663835952
6;86;28.47605375340064
6;87;28.386275211553848
6;88;25.564019350882216
6;89;28.74208281420995
6;90;20.645497061656744
6;91;25.23064162183748
6;92;22.85205494847829
6;93;23.14808952104724
6;94;23.080318670729376
6;95;25.702458685262275
6;96;23.861239666074702
6;97;25.504383273524503
6;98;21.94067832240447
6;99;23.12141218655549
6;100;23.858047880420955
6;101;22.59649406223988
6;102;25.619144261050202
6;103;22.159177477732474
6;104;24.412574939322663
6;105;25.93208470718513
6;106;24.899804624724737
6;107;20.92553299182615
6;108;24.445162693796547
6;109;25.59049456913672
6;110;26.974994486640608
6;111;26.801164224023847
6;112;23.38677911346887
6;113;24.31904299584269
6;114;25.135644627397618
6;115;21.390269387129457
6;116;21.88048921004823
6;117;22.360455960694765
6;118;26.06679159855601
6;119;24.58882721661313
6;120;25.932718005299908
6;121;28.105445611065896
6;122;28.73443938544484
6;123;22.196668348732327
6;124;29.719591802336208
6;125;21.8429878160278
6;126;25.88070020309216
6;127;26.342807654068626
6;128;24.343358095028577
6;129;21.47019974253565
6;130;22.20866593509916
6;131;26.47969257882924
6;132;23.726473792854037
6;133;24.15058663835952
6;134;28.47605375340064
6;135;28.386275211553848
6;136;25.564019350882216
6;137;28.74208281420995
6;138;20.645497061656744
6;139;25.23064162183748
6;140;22.85205494847829
6;141;23.14808952104724
6;142;23.080318670729376
6;143;25.702458685262275
6;144;23.861239666074702
6;145;25.73756330291775
6;146;25.277547772515973
6;147;26.456150022014658
6;148;20.063642484658985
6;149;26.523046958844755
6;150;22.238346934392776
6;151;24.707212441107654
6;152;23.36081519028854
6;153;24.696604532350417
6;154;23.973179491973283
6;155;28.5329931701564
6;156;23.563548485123633
6;157;19.185428191510105
6;158;27.706613674359417
6;159;24.797627475102445
6;160;24.549739792329355
6;161;23.948797898483615
6;162;26.275828679677875
6;163;19.78374713781
6;164;26.158005247064388
6;165;27.58582559906251
6;166;27.34723129984071
6;167;29.072826492715315
6;168;21.65440453658439
6;169;19.955824994179544
6;170;23.32835819652968
6;171;28.40891999592292
6;172;23.71411654155004
6;173;25.09979515609926
6;174;27.41108652735325
6;175;22.152768003020302
6;176;27.11788282580478
6;177;27.22056167235752
6;178;19.81058049922783
6;179;30.466690756669593
6;180;26.36427120237416
6;181;22.79383018799394
6;182;28.215278151386705
6;183;26.256517949586694
6;184;23.69918186301061
6;185;28.066549226383334
6;186;25.867217095645703
6;187;23.911119881675944
6;188;27.847994839411367
6;189;22.09857114248601
6;190;25.95939592952384
6;191;26.10748152292381
6;192;27.452321773505844
6;193;25.504383273524503
6;194;21.94067832240447
6;195;23.12141218655549
6;196;23.858047880420955
6;197;22.59649406223988
6;198;25.619144261050202
6;199;22.159177477732474
6;200;24.412574939322663
6;201;25.93208470718513
6;202;24.899804624724737
6;203;20.92553299182615
6;204;24.445162693796547
6;205;25.59049456913672
6;206;26.974994486640608
6;207;26.801164224023847
6;208;23.38677911346887
6;209;24.31904299584269
6;210;25.135644627397618
6;211;21.390269387129457
6;212;21.88048921004823
6;213;22.360455960694765
6;214;26.06679159855601
6;215;24.58882721661313
6;216;25.932718005299908
6;217;28.105445611065896
6;218;28.73443938544484
6;219;22.196668348732327
6;220;29.719591802336208
6;221;21.8429878160278
6;222;25.88070020309216
6;223;26.342807654068626
6;224;24.343358095028577
6;225;21.47019974253565
6;226;22.20866593509916
6;227;26.47969257882924
6;228;23.726473792854037
6;229;24.15058663835952
6;230;28.47605375340064
6;231;28.386275211553848
6;232;25.564019350882216
6;233;28.74208281420995
6;234;20.645497061656744
6;235;25.23064162183748
6;236;22.85205494847829
6;237;23.14808952104724
6;238;23.080318670729376
6;239;25.702458685262275
6;240;23.861239666074702
6;241;5.0
6;242;5.0
6;243;5.0
6;244;5.0
6;245;5.0
6;246;5.0
6;247;5.0
6;248;5.0
6;249;5.0
6;250;5.0
6;251;5.0
6;252;5.0
6;253;5.0
6;254;5.0
6;255;5.0
6;256;5.0
6;257;5.0
6;258;5.0
6;259;5.0
6;260;5.0
6;261;5.0
6;262;5.0
6;263;5.0
6;264;5.0
6;265;5.0
6;266;5.0
6;267;5.0
6;268;5.0
6;269;5.0
6;270;5.0
6;271;5.0
6;272;5.0
6;273;5.0
6;274;5.0
6;275;5.0
6;276;5.0
6;277;5.0
6;278;5.0
6;279;5.0
6;280;5.0
6;281;5.0
6;282;5.0
6;283;5.0
6;284;5.0
6;285;5.0
6;286;5.0
6;287;5.0
6;288;5.0
6;289;5.0
6;290;5.0
6;291;5.0
6;292;5.0
6;293;5.0
6;294;5.0
6;295;5.0
6;296;5.0
6;297;5.0
6;298;5.0
6;299;5.0
6;300;5.0
6;301;5.0
6;302;5.0
6;303;5.0
6;304;5.0
6;305;5.0
6;306;5.0
6;307;5.0
6;308;5.0
6;309;5.0
6;310;5.0
6;311;5.0
6;312;5.0
6;313;5.0
6;314;5.0
6;315;5.0
6;316;5.0
6;317;5.0
6;318;5.0
6;319;5.0
6;320;5.0
6;321;5.0
6;322;5.0
6;323;5.0
6;324;5.0
6;325;5.0
6;326;5.0
6;327;5.0
6;328;5.0
6;329;5.0
6;330;5.0
6;331;5.0
6;332;5.0
6;333;5.0
6;334;5.0
6;335;5.0
6;336;5.0
7;1;29.302349071746463
7;2;20.531405950086853
7;3;30.009464406287627
7;4;25.692239845012008
7;5;22.965456469110006
7;6;25.39702160081696
7;7;20.18504353231254
7;8;22.202543132271185
7;9;22.49292370973007
7;10;26.183768820902444
7;11;24.76242224460329
7;12;25.599115003307308
7;13;28.95911434854965
7;14;25.13196161938988
7;15;28.099463826788327
7;16;24.02621125930856
7;17;27.15732596803543
7;18;25.641322594454856
7;19;24.83749194644225
7;20;20.747620266048703
7;21;28.22634618870149
7;22;24.66164040897528
7;23;24.097727499109528
7;24;21.59850588400122
7;25;28.922223069660262
7;26;22.027684643465808
7;27;25.06035261717549
7;28;22.753497595570337
7;29;25.118725864300625
7;30;19.22842264188741
7;31;25.797920422797947
7;32;20.851631874261614
7;33;21.585668326912636
7;34;20.933655460522143
7;35;22.17717071925528
7;36;24.92030774588316
7;37;24.80232384853076
7;38;30.789346799574226
7;39;20.6569936319024
7;40;21.89389098798063
7;41;22.625230734542978
7;42;27.91077844435493
7;43;24.35442153371108
7;44;25.355598143792363
7;45;28.738936038482866
7;46;24.090475684863716
7;47;24.706206268229092
7;48;29.074283204471065
7;49;28.876348334402223
7;50;29.858756356936986
7;51;25.98108981004101
7;52;25.058351452945825
7;53;28.333136272127913
7;54;26.61805938178234
7;55;29.39583429123775
7;56;22.765049590256552
7;57;21.80556798341632
7;58;27.325239235406457
7;59;27.25665367368089
7;60;21.413066019734686
7;61;21.41572739546343
7;62;27.197395696873144
7;63;23.918919591802766
7;64;22.235577298817155
7;65;30.07317971747216
7;66;28.009776124146672
7;67;26.043967704709143
7;68;23.93467734627625
7;69;25.793181918651214
7;70;20.19758622911519
7;71;24.19834081223475
7;72;22.9555600285703
7;73;25.005458005448016
7;74;27.844738751712363
7;75;26.691178718273076
7;76;27.197334400487332
7;77;24.420716731149486
7;78;27.521238726626816
7;79;25.332080940415334
7;80;22.0151541089502
7;81;26.96575238047981
7;82;27.25365694581392
7;83;29.74357788864406
7;84;28.800950478535967
7;85;20.7419759865911
7;86;18.002473586162647
7;87;27.14624094647527
7;88;24.20273623527312
7;89;23.98797578168005
7;90;26.341754125565455
7;91;25.5142570929098
7;92;23.702371364733935
7;93;25.57009281036636
7;94;23.108792764059135
7;95;25.69532558680485
7;96;28.420821925648823
7;97;24.03099231740888
7;98;25.552267126434185
7;99;25.012656974046386
7;100;27.197952742417495
7;101;21.91624711286224
7;102;21.961147977210516
7;103;25.91739571836923
7;104;27.152904838349986
7;105;23.372214212154294
7;106;26.92306294997082
7;107;24.397665563352255
7;108;26.461639895625943
7;109;22.665003571620186
7;110;27.134561571232645
7;111;24.38487684801186
7;112;27.356229997262993
7;113;26.876902800146745
7;114;25.359667350275718
7;115;23.832656290216743
7;116;21.869074152052736
7;117;22.17855172606889
7;118;27.19603572973905
7;119;26.06862386941308
7;120;25.077262390596395
7;121;24.439084045532017
7;122;26.60560292918156
7;123;21.678388538660126
7;124;20.493628271611023
7;125;21.767264761891884
7;126;29.034445362554443
7;127;25.626469707668004
7;128;24.15770372537065
7;129;27.35944487950885
7;130;25.27528716061618
7;131;26.763151615893484
7;132;23.515433765108863
7;133;22.388695904403995
7;134;22.798936656984477
7;135;23.213565404227744
7;136;20.99546235049956
7;137;21.22608147648945
7;138;28.90838058279478
7;139;24.196966396844346
7;140;29.149877593733464
7;141;27.44163862573353
7;142;23.30028491716764
7;143;28.23140549639925
7;144;21.55181657113676
7;145;25.504383273524503
7;146;21.94067832240447
7;147;23.12141218655549
7;148;23.858047880420955
7;149;22.59649406223988
7;150;25.619144261050202
7;151;22.159177477732474
7;152;24.412574939322663
7;153;25.93208470718513
7;154;24.899804624724737
7;155;20.92553299182615
7;156;24.445162693796547
7;157;25.59049456913672
7;158;26.974994486640608
7;159;26.801164224023847
7;160;23.38677911346887
7;161;24.31904299584269
7;162;25.135644627397618
7;163;21.390269387129457
7;164;21.88048921004823
7;165;22.360455960694765
7;166;26.06679159855601
7;167;24.58882721661313
7;168;25.932718005299908
7;169;28.105445611065896
7;170;28.73443938544484
7;171;22.196668348732327
7;172;29.719591802336208
7;173;21.8429878160278
7;174;25.88070020309216
7;175;26.342807654068626
7;176;24.343358095028577
7;177;21.47019974253565
7;178;22.20866593509916
7;179;26.47969257882924
7;180;23.726473792854037
7;181;24.15058663835952
7;182;28.47605375340064
7;183;28.386275211553848
7;184;25.564019350882216
7;185;28.74208281420995
7;186;20.645497061656744
7;187;25.23064162183748
7;188;22.85205494847829
7;189;23.14808952104724
7;190;23.080318670729376
7;191;25.702458685262275
7;192;23.861239666074702
7;193;25.73756330291775
7;194;25.277547772515973
7;195;26.456150022014658
7;196;20.063642484658985
7;197;26.523046958844755
7;198;22.238346934392776
7;199;24.707212441107654
7;200;23.36081519028854
7;201;24.696604532350417
7;202;23.973179491973283
7;203;28.5329931701564
7;204;23.563548485123633
7;205;19.185428191510105
7;206;27.706613674359417
7;207;24.797627475102445
7;208;24.549739792329355
7;209;23.948797898483615
7;210;26.275828679677875
7;211;19.78374713781
7;212;26.158005247064388
7;213;27.58582559906251
7;214;27.34723129984071
7;215;29.072826492715315
7;216;21.65440453658439
7;217;19.955824994179544
7;218;23.32835819652968
7;219;28.40891999592292
7;220;23.71411654155004
7;221;25.09979515609926
7;222;27.41108652735325
7;223;22.152768003020302
7;224;27.11788282580478
7;225;27.22056167235752
7;226;19.81058049922783
7;227;30.466690756669593
7;228;26.36427120237416
7;229;22.79383018799394
7;230;28.215278151386705
7;231;26.256517949586694
7;232;23.69918186301061
7;233;28.066549226383334
7;234;25.867217095645703
7;235;23.911119881675944
7;236;27.847994839411367
7;237;22.09857114248601
7;238;25.95939592952384
7;239;26.10748152292381
7;240;27.452321773505844
7;241;5.0
7;242;5.0
7;243;5.0
7;244;5.0
7;245;5.0
7;246;5.0
7;247;5.0
7;248;5.0
7;249;5.0
7;250;5.0
7;251;5.0
7;252;5.0
7;253;5.0
7;254;5.0
7;255;5.0
7;256;5.0
7;257;5.0
7;258;5.0
7;259;5.0
7;260;5.0
7;261;5.0
7;262;5.0
7;263;5.0
7;264;5.0
7;265;5.0
7;266;5.0
7;267;5.0
7;268;5.0
7;269;5.0
7;270;5.0
7;271;5.0
7;272;5.0
7;273;5.0
7;274;5.0
7;275;5.0
7;276;5.0
7;277;5.0
7;278;5.0
7;279;5.0
7;280;5.0
7;281;5.0
7;282;5.0
7;283;5.0
7;284;5.0
7;285;5.0
7;286;5.0
7;287;5.0
7;288;5.0
7;289;5.0
7;290;5.0
7;291;5.0
7;292;5.0
7;293;5.0
7;294;5.0
7;295;5.0
7;296;5.0
7;297;5.0
7;298;5.0
7;299;5.0
7;300;5.0
7;301;5.0
7;302;5.0
7;303;5.0
7;304;5.0
7;305;5.0
7;306;5.0
7;307;5.0
7;308;5.0
7;309;5.0
7;310;5.0
7;311;5.0
7;312;5.0
7;313;5.0
7;314;5.0
7;315;5.0
7;316;5.0
7;317;5.0
7;318;5.0
7;319;5.0
7;320;5.0
7;321;5.0
7;322;5.0
7;323;5.0
7;324;5.0
7;325;5.0
7;326;5.0
7;327;5.0
7;328;5.0
7;329;5.0
7;330;5.0
7;331;5.0
7;332;5.0
7;333;5.0
7;334;5.0
7;335;5.0
7;336;5.0
8;1;25.653152358878543
8;2;24.88801434143225
8;3;23.330513950737508
8;4;21.65954624835056
8;5;24.746781119112605
8;6;24.80742810158951
8;7;30.011352424453833
8;8;24.820238416546324
8;9;24.18617763218191
8;10;21.41126935546912
8;11;26.633939444035107
8;12;22.8831044116475
8;13;24.573975444005953
8;14;30.781598534592312
8;15;25.00826632998066
8;16;23.644874581204977
8;17;21.961503852213745
8;18;28.71669466363006
8;19;21.753853360400328
8;20;26.585657758769685
8;21;23.926718003286272
8;22;25.195454429689825
8;23;27.93009400725115
8;24;23.64232436836243
8;25;24.57250895035496
8;26;29.814045263058297
8;27;23.574279186856952
8;28;20.611611774586343
8;29;21.087670687033473
8;30;28.755685143114835
8;31;23.10821572331052
8;32;28.69096196333588
8;33;27.113336854145302
8;34;23.666264482938484
8;35;30.237495724657435
8;36;24.768641522329126
8;37;21.464305245213197
8;38;22.52759147199546
8;39;23.052768894502524
8;40;25.484043887328223
8;41;25.544488628919623
8;42;28.6788592305116
8;43;23.382152379137
8;44;24.885516242278072
8;45;27.48842541751975
8;46;27.27043216723605
8;47;28.999318224629263
8;48;21.47586887478952
8;49;27.10800760210852
8;50;26.619718277274806
8;51;25.52439106465477
8;52;21.582194766688385
8;53;25.086272406871597
8;54;21.278293191487695
8;55;22.92914467280924
8;56;25.86973082414405
8;57;20.34581013511433
8;58;26.20573702475622
8;59;23.62778480672143
8;60;30.622233628408917
8;61;27.64181515460761
8;62;25.43036005488589
8;63;24.449231821704448
8;64;23.11419898617228
8;65;27.128877635436876
8;66;25.61599573846735
8;67;24.48661738273153
8;68;26.52756105570688
8;69;25.44371298217732
8;70;23.91887122315789
8;71;25.252775156639252
8;72;25.247106741158145
8;73;27.667542203418904
8;74;20.903865688726615
8;75;20.68521925170588
8;76;28.204221463500783
8;77;26.01922668252243
8;78;26.417626661285567
8;79;20.527153233227256
8;80;24.70615219915452
8;81;27.60445381250966
8;82;23.93141666157808
8;83;18.36964015005447
8;84;23.573629211543057
8;85;26.70429387090841
8;86;25.27785839862697
8;87;24.41433081335452
8;88;30.75480275167908
8;89;24.87610638182264
8;90;27.166143325853746
8;91;22.671301063009572
8;92;21.87817754449298
8;93;25.454525522972688
8;94;26.21232871172664
8;95;25.719673410409587
8;96;24.520961666905883
8;97;25.504383273524503
8;98;21.94067832240447
8;99;23.12141218655549
8;100;23.858047880420955
8;101;22.59649406223988
8;102;25.619144261050202
8;103;22.159177477732474
8;104;24.412574939322663
8;105;25.93208470718513
8;106;24.899804624724737
8;107;20.92553299182615
8;108;24.445162693796547
8;109;25.59049456913672
8;110;26.974994486640608
8;111;26.801164224023847
8;112;23.38677911346887
8;113;24.31904299584269
8;114;25.135644627397618
8;115;21.390269387129457
8;116;21.88048921004823
8;117;22.360455960694765
8;118;26.06679159855601
8;119;24.58882721661313
8;120;25.932718005299908
8;121;28.105445611065896
8;122;28.73443938544484
8;123;22.196668348732327
8;124;29.719591802336208
8;125;21.8429878160278
8;126;25.88070020309216
8;127;26.342807654068626
8;128;24.343358095028577
8;129;21.47019974253565
8;130;22.20866593509916
8;131;26.47969257882924
8;132;23.726473792854037
8;133;24.15058663835952
8;134;28.47605375340064
8;135;28.386275211553848
8;136;25.564019350882216
8;137;28.74208281420995
8;138;20.645497061656744
8;139;25.23064162183748
8;140;22.85205494847829
8;141;23.14808952104724
8;142;23.080318670729376
8;143;25.702458685262275
8;144;23.861239666074702
8;145;25.653152358878543
8;146;24.88801434143225
8;147;23.330513950737508
8;148;21.65954624835056
8;149;24.746781119112605
8;150;24.80742810158951
8;151;30.011352424453833
8;152;24.820238416546324
8;153;24.18617763218191
8;154;21.41126935546912
8;155;26.633939444035107
8;156;22.8831044116475
8;157;24.573975444005953
8;158;30.781598534592312
8;159;25.00826632998066
8;160;23.644874581204977
8;161;21.961503852213745
8;162;28.71669466363006
8;163;21.753853360400328
8;164;26.585657758769685
8;165;23.926718003286272
8;166;25.195454429689825
8;167;27.93009400725115
8;168;23.64232436836243
8;169;24.57250895035496
8;170;29.814045263058297
8;171;23.574279186856952
8;172;20.611611774586343
8;173;21.087670687033473
8;174;28.755685143114835
8;175;23.10821572331052
8;176;28.69096196333588
8;177;27.113336854145302
8;178;23.666264482938484
8;179;30.237495724657435
8;180;24.768641522329126
8;181;21.464305245213197
8;182;22.52759147199546
8;183;23.052768894502524
8;184;25.484043887328223
8;185;25.544488628919623
8;186;28.6788592305116
8;187;23.382152379137
8;188;24.885516242278072
8;189;27.48842541751975
8;190;27.27043216723605
8;191;28.999318224629263
8;192;21.47586887478952
8;193;25.73756330291775
8;194;25.277547772515973
8;195;26.456150022014658
8;196;20.063642484658985
8;197;26.523046958844755
8;198;22.238346934392776
8;199;24.707212441107654
8;200;23.36081519028854
8;201;24.696604532350417
8;202;23.973179491973283
8;203;28.5329931701564
8;204;23.563548485123633
8;205;19.185428191510105
8;206;27.706613674359417
8;207;24.797627475102445
8;208;24.549739792329355
8;209;23.948797898483615
8;210;26.275828679677875
8;211;19.78374713781
8;212;26.158005247064388
8;213;27.58582559906251
8;214;27.34723129984071
8;215;29.072826492715315
8;216;21.65440453658439
8;217;19.955824994179544
8;218;23.32835819652968
8;219;28.40891999592292
8;220;23.71411654155004
8;221;25.09979515609926
8;222;27.41108652735325
8;223;22.152768003020302
8;224;27.11788282580478
8;225;27.22056167235752
8;226;19.81058049922783
8;227;30.466690756669593
8;228;26.36427120237416
8;229;22.79383018799394
8;230;28.215278151386705
8;231;26.256517949586694
8;232;23.69918186301061
8;233;28.066549226383334
8;234;25.867217095645703
8;235;23.911119881675944
8;236;27.847994839411367
8;237;22.09857114248601
8;238;25.95939592952384
8;239;26.10748152292381
8;240;27.452321773505844
8;241;5.0
8;242;5.0
8;243;5.0
8;244;5.0
8;245;5.0
8;246;5.0
8;247;5.0
8;248;5.0
8;249;5.0
8;250;5.0
8;251;5.0
8;252;5.0
8;253;5.0
8;254;5.0
8;255;5.0
8;256;5.0
8;257;5.0
8;258;5.0
8;259;5.0
8;260;5.0
8;261;5.0
8;262;5.0
8;263;5.0
8;264;5.0
8;265;5.0
8;266;5.0
8;267;5.0
8;268;5.0
8;269;5.0
8;270;5.0
8;271;5.0
8;272;5.0
8;273;5.0
8;274;5.0
8;275;5.0
8;276;5.0
8;277;5.0
8;278;5.0
8;279;5.0
8;280;5.0
8;281;5.0
8;282;5.0
8;283;5.0
8;284;5.0
8;285;5.0
8;286;5.0
8;287;5.0
8;288;5.0
8;289;5.0
8;290;5.0
8;291;5.0
8;292;5.0
8;293;5.0
8;294;5.0
8;295;5.0
8;296;5.0
8;297;5.0
8;298;5.0
8;299;5.0
8;300;5.0
8;301;5.0
8;302;5.0
8;303;5.0
8;304;5.0
8;305;5.0
8;306;5.0
8;307;5.0
8;308;5.0
8;309;5.0
8;310;5.0
8;311;5.0
8;312;5.0
8;313;5.0
8;314;5.0
8;315;5.0
8;316;5.0
8;317;5.0
8;318;5.0
8;319;5.0
8;320;5.0
8;321;5.0
8;322;5.0
8;323;5.0
8;324;5.0
8;325;5.0
8;326;5.0
8;327;5.0
8;328;5.0
8;329;5.0
8;330;5.0
8;331;5.0
8;332;5.0
8;333;5.0
8;334;5.0
8;335;5.0
8;336;5.0
9;1;25.259434554839416
9;2;26.70834107622167
9;3;22.17617801198604
9;4;24.760083425799248
9;5;30.726745402548968
9;6;23.45476782929764
9;7;26.95981836321128
9;8;19.614007131886986
9;9;28.41719530440455
9;10;31.88918374365183
9;11;20.982460369540448
9;12;25.92082720707645
9;13;26.512499876774815
9;14;25.43706064072189
9;15;26.318538930286337
9;16;22.414528950417584
9;17;27.470993428002384
9;18;28.071656081791247
9;19;20.78286610404046
9;20;22.925049461771227
9;21;28.26825501053684
9;22;26.747533101181343
9;23;32.50698091795735
9;24;28.777695542574637
9;25;23.02362747572088
9;26;22.35145551470428
9;27;25.034081115772278
9;28;26.81818695910495
9;29;25.46247505603697
9;30;21.81931029080648
9;31;27.635863876759647
9;32;27.843218422361208
9;33;25.181533882385725
9;34;27.5200114192554
9;35;22.172718228174805
9;36;23.731765354897146
9;37;24.040301765428573
9;38;26.489844647032808
9;39;23.625745869907306
9;40;27.42090367177141
9;41;27.664593192217843
9;42;23.25685254195736
9;43;29.341143092932917
9;44;23.59883353300976
9;45;24.35119977949241
9;46;22.61879206435266
9;47;23.082957763515008
9;48;26.08001351036972
9;49;29.302349071746463
9;50;20.531405950086853
9;51;30.009464406287627
9;52;25.692239845012008
9;53;22.965456469110006
9;54;25.39702160081696
9;55;20.18504353231254
9;56;22.202543132271185
9;57;22.49292370973007
9;58;26.183768820902444
9;59;24.76242224460329
9;60;25.599115003307308
9;61;28.95911434854965
9;62;25.13196161938988
9;63;28.099463826788327
9;64;24.02621125930856
9;65;27.15732596803543
9;66;25.641322594454856
9;67;24.83749194644225
9;68;20.747620266048703
9;69;28.22634618870149
9;70;24.66164040897528
9;71;24.097727499109528
9;72;21.59850588400122
9;73;28.922223069660262
9;74;22.027684643465808
9;75;25.06035261717549
9;76;22.753497595570337
9;77;25.118725864300625
9;78;19.22842264188741
9;79;25.797920422797947
9;80;20.851631874261614
9;81;21.585668326912636
9;82;20.933655460522143
9;83;22.17717071925528
9;84;24.92030774588316
9;85;24.80232384853076
9;86;30.789346799574226
9;87;20.6569936319024
9;88;21.89389098798063
9;89;22.625230734542978
9;90;27.91077844435493
9;91;24.35442153371108
9;92;25.355598143792363
9;93;28.738936038482866
9;94;24.090475684863716
9;95;24.706206268229092
9;96;29.074283204471065
9;97;25.259434554839416
9;98;26.70834107622167
9;99;22.17617801198604
9;100;24.760083425799248
9;101;30.726745402548968
9;102;23.45476782929764
9;103;26.95981836321128
9;104;19.614007131886986
9;105;28.41719530440455
9;106;31.88918374365183
9;107;20.982460369540448
9;108;25.92082720707645
9;109;26.512499876774815
9;110;25.43706064072189
9;111;26.318538930286337
9;112;22.414528950417584
9;113;27.470993428002384
9;114;28.071656081791247
9;115;20.78286610404046
9;116;22.925049461771227
9;117;28.26825501053684
9;118;26.747533101181343
9;119;32.50698091795735
9;120;28.777695542574637
9;121;23.02362747572088
9;122;22.35145551470428
9;123;25.034081115772278
9;124;26.81818695910495
9;125;25.46247505603697
9;126;21.81931029080648
9;127;27.635863876759647
9;128;27.843218422361208
9;129;25.181533882385725
9;130;27.5200114192554
9;131;22.172718228174805
9;132;23.731765354897146
9;133;24.040301765428573
9;134;26.489844647032808
9;135;23.625745869907306
9;136;27.42090367177141
9;137;27.664593192217843
9;138;23.25685254195736
9;139;29.341143092932917
9;140;23.59883353300976
9;141;24.35119977949241
9;142;22.61879206435266
9;143;23.082957763515008
9;144;26.08001351036972
9;145;25.259434554839416
9;146;26.70834107622167
9;147;22.17617801198604
9;148;24.760083425799248
9;149;30.726745402548968
9;150;23.45476782929764
9;151;26.95981836321128
9;152;19.614007131886986
9;153;28.41719530440455
9;154;31.88918374365183
9;155;20.982460369540448
9;156;25.92082720707645
9;157;26.512499876774815
9;158;25.43706064072189
9;159;26.318538930286337
9;160;22.414528950417584
9;161;27.470993428002384
9;162;28.071656081791247
9;163;20.78286610404046
9;164;22.925049461771227
9;165;28.26825501053684
9;166;26.747533101181343
9;167;32.50698091795735
9;168;28.777695542574637
9;169;23.02362747572088
9;170;22.35145551470428
9;171;25.034081115772278
9;172;26.81818695910495
9;173;25.46247505603697
9;174;21.81931029080648
9;175;27.635863876759647
9;176;27.843218422361208
9;177;25.181533882385725
9;178;27.5200114192554
9;179;22.172718228174805
9;180;23.731765354897146
9;181;24.040301765428573
9;182;26.489844647032808
9;183;23.625745869907306
9;184;27.42090367177141
9;185;27.664593192217843
9;186;23.25685254195736
9;187;29.341143092932917
9;188;23.59883353300976
9;189;24.35119977949241
9;190;22.61879206435266
9;191;23.082957763515008
9;192;26.08001351036972
9;193;25.504383273524503
9;194;21.94067832240447
9;195;23.12141218655549
9;196;23.858047880420955
9;197;22.59649406223988
9;198;25.619144261050202
9;199;22.159177477732474
9;200;24.412574939322663
9;201;25.93208470718513
9;202;24.899804624724737
9;203;20.92553299182615
9;204;24.445162693796547
9;205;25.59049456913672
9;206;26.974994486640608
9;207;26.801164224023847
9;208;23.38677911346887
9;209;24.31904299584269
9;210;25.135644627397618
9;211;21.390269387129457
9;212;21.88048921004823
9;213;22.360455960694765
9;214;26.06679159855601
9;215;24.58882721661313
9;216;25.932718005299908
9;217;28.105445611065896
9;218;28.73443938544484
9;219;22.196668348732327
9;220;29.719591802336208
9;221;21.8429878160278
9;222;25.88070020309216
9;223;26.342807654068626
9;224;24.343358095028577
9;225;21.47019974253565
9;226;22.20866593509916
9;227;26.47969257882924
9;228;23.726473792854037
9;229;24.15058663835952
9;230;28.47605375340064
9;231;28.386275211553848
9;232;25.564019350882216
9;233;28.74208281420995
9;234;20.645497061656744
9;235;25.23064162183748
9;236;22.85205494847829
9;237;23.14808952104724
9;238;23.080318670729376
9;239;25.702458685262275
9;240;23.861239666074702
9;241;5.0
9;242;5.0
9;243;5.0
9;244;5.0
9;245;5.0
9;246;5.0
9;247;5.0
9;248;5.0
9;249;5.0
9;250;5.0
9;251;5.0
9;252;5.0
9;253;5.0
9;254;5.0
9;255;5.0
9;256;5.0
9;257;5.0
9;258;5.0
9;259;5.0
9;260;5.0
9;261;5.0
9;262;5.0
9;263;5.0
9;264;5.0
9;265;5.0
9;266;5.0
9;267;5.0
9;268;5.0
9;269;5.0
9;270;5.0
9;271;5.0
9;272;5.0
9;273;5.0
9;274;5.0
9;275;5.0
9;276;5.0
9;277;5.0
9;278;5.0
9;279;5.0
9;280;5.0
9;281;5.0
9;282;5.0
9;283;5.0
9;284;5.0
9;285;5.0
9;286;5.0
9;287;5.0
9;288;5.0
9;289;5.0
9;290;5.0
9;291;5.0
9;292;5.0
9;293;5.0
9;294;5.0
9;295;5.0
9;296;5.0
9;297;5.0
9;298;5.0
9;299;5.0
9;300;5.0
9;301;5.0
9;302;5.0
9;303;5.0
9;304;5.0
9;305;5.0
9;306;5.0
9;307;5.0
9;308;5.0
9;309;5.0
9;310;5.0
9;311;5.0
9;312;5.0
9;313;5.0
9;314;5.0
9;315;5.0
9;316;5.0
9;317;5.0
9;318;5.0
9;319;5.0
9;320;5.0
9;321;5.0
9;322;5.0
9;323;5.0
9;324;5.0
9;325;5.0
9;326;5.0
9;327;5.0
9;328;5.0
9;329;5.0
9;330;5.0
9;331;5.0
9;332;5.0
9;333;5.0
9;334;5.0
9;335;5.0
9;336;5.0
10;1;27.10800760210852
10;2;26.619718277274806
10;3;25.52439106465477
10;4;21.582194766688385
10;5;25.086272406871597
10;6;21.278293191487695
10;7;22.92914467280924
10;8;25.86973082414405
10;9;20.34581013511433
10;10;26.20573702475622
10;11;23.62778480672143
10;12;30.622233628408917
10;13;27.64181515460761
10;14;25.43036005488589
10;15;24.449231821704448
10;16;23.11419898617228
10;17;27.128877635436876
10;18;25.61599573846735
10;19;24.48661738273153
10;20;26.52756105570688
10;21;25.44371298217732
10;22;23.91887122315789
10;23;25.252775156639252
10;24;25.247106741158145
10;25;27.667542203418904
10;26;20.903865688726615
10;27;20.68521925170588
10;28;28.204221463500783
10;29;26.01922668252243
10;30;26.417626661285567
10;31;20.527153233227256
10;32;24.70615219915452
10;33;27.60445381250966
10;34;23.93141666157808
10;35;18.36964015005447
10;36;23.573629211543057
10;37;26.70429387090841
10;38;25.27785839862697
10;39;24.41433081335452
10;40;30.75480275167908
10;41;24.87610638182264
10;42;27.166143325853746
10;43;22.671301063009572
10;44;21.87817754449298
10;45;25.454525522972688
10;46;26.21232871172664
10;47;25.719673410409587
10;48;24.520961666905883
10;49;24.03099231740888
10;50;25.552267126434185
10;51;25.012656974046386
10;52;27.197952742417495
10;53;21.91624711286224
10;54;21.961147977210516
10;55;25.91739571836923
10;56;27.152904838349986
10;57;23.372214212154294
10;58;26.92306294997082
10;59;24.397665563352255
10;60;26.461639895625943
10;61;22.665003571620186
10;62;27.134561571232645
10;63;24.38487684801186
10;64;27.356229997262993
10;65;26.876902800146745
10;66;25.359667350275718
10;67;23.832656290216743
10;68;21.869074152052736
10;69;22.17855172606889
10;70;27.19603572973905
10;71;26.06862386941308
10;72;25.077262390596395
10;73;24.439084045532017
10;74;26.60560292918156
10;75;21.678388538660126
10;76;20.493628271611023
10;77;21.767264761891884
10;78;29.034445362554443
10;79;25.626469707668004
10;80;24.15770372537065
10;81;27.35944487950885
10;82;25.27528716061618
10;83;26.763151615893484
10;84;23.515433765108863
10;85;22.388695904403995
10;86;22.798936656984477
10;87;23.213565404227744
10;88;20.99546235049956
10;89;21.22608147648945
10;90;28.90838058279478
10;91;24.196966396844346
10;92;29.149877593733464
10;93;27.44163862573353
10;94;23.30028491716764
10;95;28.23140549639925
10;96;21.55181657113676
10;97;22.086039679917263
10;98;22.762049169069503
10;99;27.23507969581265
10;100;26.643496387042035
10;101;23.82571069032097
10;102;26.069800660175797
10;103;28.44847708003168
10;104;24.741587622410847
10;105;24.38911336164268
10;106;27.1816111584859
10;107;30.16240361625921
10;108;26.293830915655132
10;109;28.930234160264646
10;110;17.84351113855547
10;111;23.71675224474511
10;112;26.556415734914232
10;113;24.04944578406472
10;114;22.388976601924384
10;115;24.027121989556676
10;116;26.734213169550006
10;117;21.604662307379268
10;118;27.818890067397163
10;119;23.417580838347565
10;120;22.805878732785228
10;121;23.021578107363958
10;122;30.569219231401437
10;123;23.702369741335392
10;124;25.645473433164437
10;125;21.7416525245538
10;126;24.2214831628619
10;127;26.51398093952838
10;128;28.284772541435892
10;129;23.05343306891812
10;130;22.43219822093298
10;131;25.89097399354474
10;132;24.029832862339088
10;133;20.189574452013147
10;134;27.663541419171953
10;135;24.63320863597937
10;136;23.61829004459849
10;137;27.32624914998163
10;138;28.392083626977524
10;139;27.64263954789469
10;140;22.672557982002008
10;141;24.484454667325352
10;142;25.41811327551913
10;143;26.77622854232989
10;144;24.461487151973152
10;145;27.10800760210852
10;146;26.619718277274806
10;147;25.52439106465477
10;148;21.582194766688385
10;149;25.086272406871597
10;150;21.278293191487695
10;151;22.92914467280924
10;152;25.86973082414405
10;153;20.34581013511433
10;154;26.20573702475622
10;155;23.62778480672143
10;156;30.622233628408917
10;157;27.64181515460761
10;158;25.43036005488589
10;159;24.449231821704448
10;160;23.11419898617228
10;161;27.128877635436876
10;162;25.61599573846735
10;163;24.48661738273153
10;164;26.52756105570688
10;165;25.44371298217732
10;166;23.91887122315789
10;167;25.252775156639252
10;168;25.247106741158145
10;169;27.667542203418904
10;170;20.903865688726615
10;171;20.68521925170588
10;172;28.204221463500783
10;173;26.01922668252243
10;174;26.417626661285567
10;175;20.527153233227256
10;176;24.70615219915452
10;177;27.60445381250966
10;178;23.93141666157808
10;179;18.36964015005447
10;180;23.573629211543057
10;181;26.70429387090841
10;182;25.27785839862697
10;183;24.41433081335452
10;184;30.75480275167908
10;185;24.87610638182264
10;186;27.166143325853746
10;187;22.671301063009572
10;188;21.87817754449298
10;189;25.454525522972688
10;190;26.21232871172664
10;191;25.719673410409587
10;192;24.520961666905883
10;193;22.086039679917263
10;194;22.762049169069503
10;195;27.23507969581265
10;196;26.643496387042035
10;197;23.82571069032097
10;198;26.069800660175797
10;199;28.44847708003168
10;200;24.741587622410847
10;201;24.38911336164268
10;202;27.1816111584859
10;203;30.16240361625921
10;204;26.293830915655132
10;205;28.930234160264646
10;206;17.84351113855547
10;207;23.71675224474511
10;208;26.556415734914232
10;209;24.04944578406472
10;210;22.388976601924384
10;211;24.027121989556676
10;212;26.734213169550006
10;213;21.604662307379268
10;214;27.818890067397163
10;215;23.417580838347565
10;216;22.805878732785228
10;217;23.021578107363958
10;218;30.569219231401437
10;219;23.702369741335392
10;220;25.645473433164437
10;221;21.7416525245538
10;222;24.2214831628619
10;223;26.51398093952838
10;224;28.284772541435892
10;225;23.05343306891812
10;226;22.43219822093298
10;227;25.89097399354474
10;228;24.029832862339088
10;229;20.189574452013147
10;230;27.663541419171953
10;231;24.63320863597937
10;232;23.61829004459849
10;233;27.32624914998163
10;234;28.392083626977524
10;235;27.64263954789469
10;236;22.672557982002008
10;237;24.484454667325352
10;238;25.41811327551913
10;239;26.77622854232989
10;240;24.461487151973152
10;241;5.0
10;242;5.0
10;243;5.0
10;244;5.0
10;245;5.0
10;246;5.0
10;247;5.0
10;248;5.0
10;249;5.0
10;250;5.0
10;251;5.0
10;252;5.0
10;253;5.0
10;254;5.0
10;255;5.0
10;256;5.0
10;257;5.0
10;258;5.0
10;259;5.0
10;260;5.0
10;261;5.0
10;262;5.0
10;263;5.0
10;264;5.0
10;265;5.0
10;266;5.0
10;267;5.0
10;268;5.0
10;269;5.0
10;270;5.0
10;271;5.0
10;272;5.0
10;273;5.0
10;274;5.0
10;275;5.0
10;276;5.0
10;277;5.0
10;278;5.0
10;279;5.0
10;280;5.0
10;281;5.0
10;282;5.0
10;283;5.0
10;284;5.0
10;285;5.0
10;286;5.0
10;287;5.0
10;288;5.0
10;289;5.0
10;290;5.0
10;291;5.0
10;292;5.0
10;293;5.0
10;294;5.0
10;295;5.0
10;296;5.0
10;297;5.0
10;298;5.0
10;299;5.0
10;300;5.0
10;301;5.0
10;302;5.0
10;303;5.0
10;304;5.0
10;305;5.0
10;306;5.0
10;307;5.0
10;308;5.0
10;309;5.0
10;310;5.0
10;311;5.0
10;312;5.0
10;313;5.0
10;314;5.0
10;315;5.0
10;316;5.0
10;317;5.0
10;318;5.0
10;319;5.0
10;320;5.0
10;321;5.0
10;322;5.0
10;323;5.0
10;324;5.0
10;325;5.0
10;326;5.0
10;327;5.0
10;328;5.0
10;329;5.0
10;330;5.0
10;331;5.0
10;332;5.0
10;333;5.0
10;334;5.0
10;335;5.0
10;336;5.0
